{"_step":1499,"loss":0.8158723711967468,"L2_distance":6.822786331176758,"_wandb":{"runtime":1470},"cosine":0.1484375,"_timestamp":1.729664284080423e+09,"_runtime":1469.736311126}