{"_wandb":{"runtime":1486},"L2_distance":10.837583541870117,"cosine":0.27734375,"_timestamp":1.7296623382087758e+09,"_runtime":1485.416667633,"_step":1499,"loss":1.3333677053451538}