{"_wandb":{"runtime":1668},"_runtime":1667.422666069,"_step":1499,"loss":0.0021198820322752,"mse_loss":0.00016675707593094558,"cosine_loss":0.00390625,"_timestamp":1.7286177648576448e+09}