{"loss":1.6050835847854614,"L2_distance":12.570366859436035,"cosine":0.38671875,"_timestamp":1.7296675025917313e+09,"_runtime":1494.091730485,"_wandb":{"runtime":1494},"_step":1499}