{"mse_loss":26.369827270507812,"cosine_loss":0.96875,"_timestamp":1.7289941671281154e+09,"_runtime":7.878447113,"_step":0,"_wandb":{"runtime":8},"loss":27.338577270507812}