{"_wandb":{"runtime":1175},"cosine":0.15234375,"_timestamp":1.7297539249108844e+09,"_runtime":1174.902370073,"_step":1499,"loss":5.836501598358154,"L2_distance":5.684157848358154}