{"_step":1499,"loss":-15.71703815460205,"_wandb":{"runtime":1155},"L2_distance":74.88206481933594,"cosine":0.92578125,"_timestamp":1.7296026965678139e+09,"_runtime":1155.048660728}