{"_runtime":1142.107618746,"_step":1499,"loss":12.93172836303711,"_wandb":{"runtime":1142},"L2_distance":12.56063461303711,"cosine":0.37109375,"_timestamp":1.7296692105831068e+09}