{"_wandb":{"runtime":9},"cosine_loss":0,"_timestamp":1.7289737604476705e+09,"_runtime":9.29041084,"_step":15,"loss":0,"mse_loss":0}