{"loss":0,"_wandb":{"runtime":34},"L2_distance":0,"cosine":0,"_timestamp":1.7295127881943038e+09,"_runtime":34.51771558,"_step":76}