{"L2_distance":6.822786331176758,"_wandb":{"runtime":1480},"cosine":0.1484375,"_timestamp":1.7297475275219922e+09,"_runtime":1479.463753764,"_step":1499,"loss":0.8158723711967468}