{"_runtime":5.717768614,"_step":1,"_wandb":{"runtime":5},"loss":0.6328125,"_timestamp":1.7285505486704903e+09}