{"_step":1499,"_wandb":{"runtime":1689},"loss":2.43291724473238e-05,"mse_loss":2.43291724473238e-05,"cosine_loss":0,"_timestamp":1.7285703320822828e+09,"_runtime":1688.174888381}