{"cosine":0.96875,"_timestamp":1.7296015077703774e+09,"_runtime":856.470983993,"_wandb":{"runtime":857},"_step":1165,"loss":-21.93618392944336,"L2_distance":105.80591583251953}