{"cosine":0.25390625,"_wandb":{"runtime":1475},"_timestamp":1.7296658997817235e+09,"_runtime":1474.875026585,"_step":1499,"loss":1.3020927906036377,"L2_distance":10.735771179199219}