{"_timestamp":1.7285627615912735e+09,"_runtime":1541.475160906,"_step":1010,"loss":0.6328125,"_wandb":{"runtime":1543}}