{"loss":10.592493057250977,"mse_loss":10.303430557250977,"_wandb":{"runtime":1420},"cosine_loss":0.2890625,"_timestamp":1.7289956559355013e+09,"_runtime":1419.813586805,"_step":1499}