{"cosine_loss":0.1484375,"_timestamp":1.7285686240047452e+09,"_runtime":35.187033607,"_step":30,"loss":0.17896783351898193,"_wandb":{"runtime":36},"mse_loss":0.10474908351898193}