{"_wandb":{"runtime":10},"_runtime":9.808475824,"_step":4,"loss":-4.74257755279541,"L2_distance":20.744136810302734,"cosine":0.7421875,"_timestamp":1.7296015266582408e+09}