{"loss":9.728653907775879,"mse_loss":9.416153907775879,"cosine_loss":0.3125,"_timestamp":1.7289933582952335e+09,"_runtime":745.936510252,"_step":1499,"_wandb":{"runtime":746}}