{"_step":1499,"loss":-97.59809112548828,"L2_distance":96.59027862548828,"cosine":1.0078125,"_timestamp":1.7295934658809109e+09,"_wandb":{"runtime":939},"_runtime":939.015011331}