{"_wandb":{"runtime":274},"_step":1218,"loss":0.6328125,"_timestamp":1.7285406515431893e+09,"_runtime":274.467986213}