{"loss":0.21163380757360142,"_timestamp":1.728539723787123e+09,"_runtime":0.707744699,"_wandb":{"runtime":0},"_step":7,"acc":0.7539469235843335}