{"L2_distance_gen":3.7568373680114746,"L2_distance_auto":10.268877983093262,"loss":10.561846733093262,"cosine_auto":0.29296875,"_timestamp":1.7301831332409642e+09,"cosine_gen":0.99609375,"_runtime":72.145848799,"_wandb":{"runtime":72},"_step":1499}