{"_wandb":{"runtime":68},"L2_distance":83.76683807373047,"cosine":1.11328125,"_timestamp":1.72951448266096e+09,"_runtime":67.689318518,"_step":94,"loss":-84.88011932373047}