{"_runtime":37.627658654,"_step":87,"_wandb":{"runtime":37},"loss":-0.6171875,"L2_distance":14.722003936767578,"cosine":0.6171875,"_timestamp":1.729603199237062e+09}