{"_step":51,"loss":0,"mse_loss":0,"cosine_loss":0,"_timestamp":1.7287142902194674e+09,"_runtime":249.039618298,"_wandb":{"runtime":251}}