{"_runtime":321.047184336,"_step":61,"_wandb":{"runtime":328},"loss":100,"mse_loss":0,"cosine_loss":0,"_timestamp":1.728714864802314e+09}