{"_wandb":{"runtime":4455},"loss":0.04688660055398941,"mse_loss":0.01563660055398941,"cosine_loss":0.0625,"_timestamp":1.7285684116119552e+09,"_runtime":4454.754018641,"_step":1499}