{"_runtime":5.789618836,"_step":0,"loss":27.338577270507812,"mse_loss":26.369827270507812,"cosine_loss":0.96875,"_timestamp":1.7289810634746163e+09,"_wandb":{"runtime":6}}