{"mse_loss":4.445590496063232,"cosine_loss":0.1015625,"_timestamp":1.7289749792184098e+09,"_runtime":1143.613215456,"_step":1499,"_wandb":{"runtime":1144},"loss":4.547152996063232}