{"cosine_loss":0,"_timestamp":1.7287045039319787e+09,"_runtime":4704.495643262,"_wandb":{"runtime":4709},"_step":1499,"loss":0.15178515017032623,"mse_loss":0.15178515017032623}