{"_timestamp":1.7301006229996507e+09,"_runtime":126.212140087,"_step":1499,"loss":8.397685050964355,"cosine_gen":0.63671875,"L2_distance_auto":4.872364044189453,"_wandb":{"runtime":126},"cosine_auto":0.13671875,"L2_distance_gen":2.7518835067749023}