{"_timestamp":1.730098480720691e+09,"_wandb":{"runtime":8},"_runtime":8.087734581,"_step":3,"loss":24.663122177124023,"L2_distance":23.764684677124023,"cosine":0.8984375}