{"mse_loss":0.005748633295297623,"cosine_loss":0.046875,"_timestamp":1.7286160366489623e+09,"_runtime":359.0896543,"_step":311,"_wandb":{"runtime":363},"loss":0.029186133295297623}