{"cosine_loss":0.00390625,"_wandb":{"runtime":1809},"_timestamp":1.728627746679908e+09,"_runtime":1808.198895311,"_step":1499,"loss":0.0021198820322752,"mse_loss":0.00016675707593094558}