{"_runtime":623.353919993,"_step":116,"_wandb":{"runtime":628},"loss":0,"mse_loss":0,"cosine_loss":0,"_timestamp":1.7287155735102417e+09}