{"loss":0,"mse_loss":0,"_wandb":{"runtime":77},"cosine_loss":0,"_timestamp":1.72897343292421e+09,"_runtime":76.990492451,"_step":186}