{"cosine_loss":0.25,"_timestamp":1.7289924008758798e+09,"_runtime":438.302798837,"_step":569,"loss":9.171489715576172,"mse_loss":8.921489715576172,"_wandb":{"runtime":439}}