{"cosine_loss":0.828125,"_timestamp":1.728994142450733e+09,"_runtime":114.566159433,"_step":218,"loss":21.62750244140625,"_wandb":{"runtime":114},"mse_loss":20.79937744140625}