{"_wandb":{"runtime":264},"loss":0.80078125,"_timestamp":1.7285632449137955e+09,"_runtime":262.234664777,"_step":101}