{"cosine_loss":0.96875,"_timestamp":1.7289809618542874e+09,"_runtime":5.808165379,"_step":0,"_wandb":{"runtime":6},"loss":27.338577270507812,"mse_loss":26.369827270507812}