{"mse_loss":3.5079543590545654,"cosine_loss":0.0859375,"_timestamp":1.7290793234327989e+09,"_runtime":12103.104985281,"_wandb":{"runtime":12103},"_step":1499,"loss":3.5938918590545654}