{"_runtime":170.518063834,"_step":170,"loss":1.7201474905014038,"L2_distance":13.158506393432617,"_wandb":{"runtime":171},"cosine":0.44921875,"_timestamp":1.7296680347653403e+09}