{"_step":1499,"loss":0.0021198820322752,"_wandb":{"runtime":1682},"mse_loss":0.00016675707593094558,"cosine_loss":0.00390625,"_timestamp":1.728622657443652e+09,"_runtime":1681.67119984}