{"cosine":0,"_timestamp":1.7295145499792714e+09,"_runtime":46.930567769,"_step":113,"_wandb":{"runtime":47},"loss":0,"L2_distance":0}