{"cosine":1.04296875,"_timestamp":1.7296608339581754e+09,"_runtime":16.905530361,"_wandb":{"runtime":17},"_step":12,"loss":-4.460882663726807,"L2_distance":35.22210693359375}