{"loss": 10.592493057250977, "mse_loss": 10.303430557250977, "cosine_loss": 0.2890625, "_timestamp": 1729079084.4816563, "_runtime": 12256.122263431549, "_step": 1499, "_wandb": {"runtime": 12261}}