{"_runtime":203.013874297,"_step":781,"_wandb":{"runtime":203},"loss":0.6328125,"_timestamp":1.7285611963660793e+09}