{"loss":-69.38045501708984,"L2_distance":68.36483001708984,"cosine":1.015625,"_timestamp":1.7295968574525132e+09,"_runtime":31.579225342,"_step":39,"_wandb":{"runtime":32}}