{"cosine_loss":0.96875,"_timestamp":1.7289924668255782e+09,"_runtime":7.581994158,"_wandb":{"runtime":8},"_step":2,"loss":26.49970054626465,"mse_loss":25.53095054626465}