{"mse_loss":26.369827270507812,"cosine_loss":0.96875,"_timestamp":1.728992587738026e+09,"_runtime":6.716543903,"_step":1,"_wandb":{"runtime":7},"loss":27.338577270507812}