{"_runtime":200.667048608,"_step":364,"_wandb":{"runtime":201},"loss":16.630098342895508,"_timestamp":1.7285408768239453e+09}