{"loss":1.207472324371338,"_timestamp":1.7285639027670925e+09,"_runtime":627.600688976,"_step":101,"_wandb":{"runtime":632}}