{"_timestamp":1.7289774858103538e+09,"_wandb":{"runtime":1138},"_runtime":1137.925509935,"_step":1499,"loss":4.547152996063232,"mse_loss":4.445590496063232,"cosine_loss":0.1015625}