{"L2_distance":76.84075164794922,"cosine":0.91015625,"_timestamp":1.7296044740379746e+09,"_runtime":1256.20196266,"_step":1499,"_wandb":{"runtime":1256},"loss":-8.503215789794922}