{"_wandb":{"runtime":1114},"cosine":0.2890625,"_timestamp":1.7291425607724845e+09,"_runtime":1113.396376686,"_step":1499,"loss":10.592493057250977,"L2_distance":10.303430557250977}