{"cosine":1.0078125,"_timestamp":1.729598042317212e+09,"_runtime":1133.402241445,"_step":1499,"loss":-19.549840927124023,"L2_distance":93.71795654296875,"_wandb":{"runtime":1134}}