{"L2_distance":26.369827270507812,"cosine":0.96875,"_timestamp":1.7295143913907397e+09,"_runtime":25.723892127,"_step":56,"_wandb":{"runtime":25},"loss":-0.96875}