{"loss":27.338577270507812,"_wandb":{"runtime":6},"mse_loss":26.369827270507812,"cosine_loss":0.96875,"_timestamp":1.7289810236875172e+09,"_runtime":5.903085031,"_step":0}