{"_wandb":{"runtime":110},"_timestamp":1.7287145178734434e+09,"_runtime":106.82740666,"_step":20,"loss":0,"mse_loss":0,"cosine_loss":0}