{"cosine":0.35546875,"_timestamp":1.7297505365403366e+09,"_runtime":1521.734935652,"_step":1499,"loss":1.5981248617172241,"_wandb":{"runtime":1522},"L2_distance":12.78203010559082}