{"_step":5,"_wandb":{"runtime":8},"loss":0,"mse_loss":0,"cosine_loss":0,"_timestamp":1.7289734600584137e+09,"_runtime":7.85262168}