{"_wandb":{"runtime":1722},"loss":0.0021198820322752,"mse_loss":0.00016675707593094558,"cosine_loss":0.00390625,"_timestamp":1.728625331574618e+09,"_runtime":1721.699843719,"_step":1499}