{"_wandb":{"runtime":124},"L2_distance_auto":10.83447551727295,"cosine_gen":0.640625,"L2_distance_gen":2.523251533508301,"loss":14.33819580078125,"_timestamp":1.73011391016885e+09,"cosine_auto":0.33984375,"_step":1499,"_runtime":124.627793121}