{"_step":90,"loss":-0.6171875,"L2_distance":14.722003936767578,"cosine":0.6171875,"_timestamp":1.7296031412522867e+09,"_runtime":38.058949778,"_wandb":{"runtime":38}}