{"cosine_loss":0.17578125,"_timestamp":1.7289822504683664e+09,"_runtime":1146.473863921,"_step":1499,"loss":7.311116695404053,"_wandb":{"runtime":1147},"mse_loss":7.135335445404053}