{"L2_distance":0,"cosine":0,"_timestamp":1.7295131017485113e+09,"_runtime":27.360874349,"_step":60,"_wandb":{"runtime":27},"loss":0}