{"L2_distance":3.470099687576294,"cosine":0.06640625,"_timestamp":1.7297457375682106e+09,"_runtime":1518.795185107,"_step":1499,"_wandb":{"runtime":1519},"loss":0.4067755937576294}