{"_runtime":39.140680455,"_step":104,"_wandb":{"runtime":39},"loss":0,"mse_loss":0,"cosine_loss":0,"_timestamp":1.7287158885055523e+09}