{"cosine_loss":0.17578125,"_timestamp":1.7289836223276339e+09,"_wandb":{"runtime":1141},"_runtime":1141.078709807,"_step":1499,"loss":7.311116695404053,"mse_loss":7.135335445404053}