{"loss":0,"mse_loss":0,"cosine_loss":0,"_timestamp":1.728715833300322e+09,"_wandb":{"runtime":41},"_runtime":41.371804439,"_step":109}