{"cosine_loss":0.0078125,"_timestamp":1.728644788889514e+09,"_wandb":{"runtime":12979},"_runtime":12968.844850938,"_step":1499,"loss":0.004571523983031511,"mse_loss":0.000665274157654494}