{"cosine_loss":0.96875,"_timestamp":1.728980893120523e+09,"_wandb":{"runtime":6},"_runtime":5.688184195,"_step":0,"loss":27.338577270507812,"mse_loss":26.369827270507812}