{"_wandb":{"runtime":1166},"loss":13.326556205749512,"L2_distance":12.963274955749512,"cosine":0.36328125,"_timestamp":1.7297524592601159e+09,"_runtime":1165.639655224,"_step":1499}